110,Admin Set,管理员套装
290,Father Kwismas Set,圣诞老人套装
307,Survivor Set,幸存者套装
387,Fanfest #1 Set,玩家节日 #1 套装
227,Wodent Set,兔兔套装
293,Pioneer Set,先驱套装
402,Dark Wodent Set,暗黑兔兔套装
80,Red Piwi Set,红色啾啾套装
81,Blue Piwi Set,蓝色啾啾套装
82,Purple Piwi Set,紫色啾啾套装
83,Green Piwi Set,绿色啾啾套装
258,Adventurer Set,冒险者套装
262,Amakna Uniform,阿玛克纳制服
264,Bonta Uniform,邦塔制服
265,Brakmar Uniform,布拉克玛制服
282,Sufokia Uniform,萨弗基亚制服
315,Greedovore Set,软泥套装
319,Social Netbwork Set,社交网络套装
389,IGN Set,IGN 套装
267,Blue Googoo Set,蓝色咕咕套装
268,Red Googoo Set,红色咕咕套装
269,Green Googoo Set,绿色咕咕套装
270,Purple Googoo Set,紫色咕咕套装
331,Twiggy Set,细枝套装
294,Destiny Set,命运套装
317,Zinit Set,泽尼特套装
338,Natural Set,自然套装
372,Bow Meow Set,喵套装
295,Respite Set,宽恕套装
337,Scrap Irony Set,铁屑套装
373,Zora Set,佐拉套装
446,Krospeed Set,酷洛迅捷套装
245,Royal Piwi Set,皇家啾啾套装
296,Trouble Set,混乱套装
334,Rat Set,老鼠套装
41,Goball Set,绵球套装
44,Tofu Set,豆芙套装
246,Larva Set,空气虫套装
426,Moist Larval Set,变异虫套装
427,Muddy Larval Set,变异虫套装
428,Roast Larval Set,变异虫套装
308,Aqua Set,水行套装
309,Pyro Set,火行套装
310,Aero Set,风行套装
311,Terra Set,土行套装
314,Fleaster Wodent Set,彩蛋兔套装
271,Three Pistes,火枪手套装
240,Small Scaraleaf Set,小甲虫套装
417,Panoplie Shin Larve,主宰套装
318,Godfather Set,教父套装
460,Cloudy Piwi Set,云朵啾啾套装
233,Sumi Set,面点师套装
316,Gobbowler Set,绵球球套装
272,Strich Set,鸵鸟套装
285,Moogrr Set,哞哞套装
241,Blibli Set,咕哩套装
242,Buk Set,哦哒套装
259,Prespic set,皮皮套装
274,Scara Set,独角仙套装
276,Bellaphone Set,贝拉套装
283,Strawcrow Set,稻草人套装
288,Snapper Set,鱼怪套装
335,Albatrocious Set,信天翁套装
312,Avatar Set,天行套装
461,Celestial Piwi Set,天界啾啾套装
289,Crab Set,蟹套装
284,Puddly Set,布丁套装
368,Zinit Stalagmote Set,泽尼特石笋套装
449,Cloudy Tofu Set,云朵豆芙套装
244,Royal Gobball Set,皇家绵球套装
281,Chaos Set,海盗套装
376,Vegetal Set,蔬菜套装
380,Snap Set,箭鱼套装
379,Truffle Set,嗅嗅套装
243,Royal Tofu Set,皇家豆芙套装
297,Chafer Set,骸骨套装
299,Kokoko Set,椰精套装
287,Toad Set,呱呱套装
347,Mushdskito Set,滋滋套装
369,Explorer Set,探索者套装
390,Bum Set,流浪汉套装
462,Divine Piwi Set,神圣啾啾套装
298,Stalagmote Set,石笋套装
424,Imperial Shin Larva Set,帝王主宰套装
332,Royal Blibli Set,皇家咕哩套装
370,Schnek Set,斯雷克套装
300,Golden Scara Set,金甲虫套装
302,Carnivore Set,食人草套装
333,Black Zordfish Set,黑色旗鱼套装
238,Ugly Set,丑女套装
251,Drheller Set,地穴套装
248,Arachnee Set,蛛丝套装
291,Challenger Set,挑战者套装
306,Krala Set,爱鱿套装
303,Mussly Set,蚌壳套装
219,Cloudy Set,云朵套装
266,Alibert Set,阿尔伯特套装
342,Royal Chafer Set,皇家骸骨套装
341,Royal Kokoko Set,皇家椰精套装
260,Tsar set,沙皇套装
401,anoplie Prinssière,公主套装
247,Whirligig Set,旋鸟套装
305,Shark Set,鲨鱼套装
343,Amaknian Riktus Set,阿玛克纳土匪套装
344,Bontarian Riktus Set,邦塔土匪套装
345,Brakmarian Riktus Set,布拉克玛土匪套装
346,Sufokian Riktus Set,萨弗基亚土匪套装
450,Celestial Tofu Set,天界豆芙套装
231,Pandawan Set,熊猫武僧套装
352,Crackler Set,碎石套装
532,Panoplie Bouftou Sauvage,野性绵球套装
339,Youra Peein' Set,醉汉套装
340,Kynder Set,巧克力套装
250,Tree Set,树精套装
249,Riktus Set,土匪套装
406,Imperial Tofu Set,帝王豆芙套装
445,Krosummon Set,酷洛成长套装
261,Justice Set,正义套装
405,Imperial Gobball Set,帝王绵球套装
292,Rascal Set,捣蛋套装
348,Riktus Elite Set,精英土匪套装
421,Panoplie Mouss,水手套装
286,Polter Set,波特套装
533,Panoplie Boss Bouftou Sauvage,野性绵球首领套装
537,Bwork Set,兽人套装
358,Wild Gobball Set,野性绵球套装
407,Imperial Blibli Set,帝王咕哩套装
435,Stone Cold Set,寒石套装
437,Wounded Set,血腥套装
447,Whirlidude Set,皇家旋鸟套装
409,Ivory Zordfish Set,象牙旗鱼套装
408,Alpha Predator Set,掠食者套装
410,Ebony Scara Set,乌木甲虫套装
236,Trool Set,巨魔套装
351,Noke Set,夜叉套装
273,Boowolf Set,狼套装
419,Ancestral Treechnid Set,远古树精套装
420,Panoplie Exotique,异域套装
433,Duke Whelkington Set,大王爱鱿套装
432,Kama Set,卡玛套装
412,Ultimate Survivor Set,万幸者套装
413,Imperator Set,神圣沙皇套装
411,Imperial Chafer Set,帝王骸骨套装
414,Ugly Queen Set,丑陋女王套装
489,Firedrhell Set,地穴女王套装
349,Lunar Set,满月套装
415,Infernal Set,堕落套装
451,Divine Tofu Set,神圣豆芙套装
452,Imperial Drheller Set,帝王地穴套装
458,Royal Crab Set,皇家蟹套装
470,Royal Puddly Set,皇家布丁套装
466,Royal Strich Set,皇家鸵鸟套装
468,Royal Moogrr Set,皇家哞哞套装
436,Magmacrak Set,熔岩碎石套装
438,Blood-Stained Set,血迹套装
448,Imperial Whirly,帝王旋鸟套装
442,Hoodfella Set,哈贝奥套装
538,Thork Set ,索克套装
235,Crobak Set,乌鸦套装
366,Monastery Rat Set,修道院鼠套装
441,Arachnoshima Set,盘丝套装
490,Tofulix Set,神秘豆芙套装
353,Starry Set,星魔套装
429,Dark Hurl Set,黑珍珠套装
459,Imperial Crab Set,帝王蟹套装
473,Imperial Puddly Set,帝王布丁套装
469,Imperial Moogrr Set,帝王哞哞套装
467,Imperial Strich Set,帝王鸵鸟套装
360,Monk Set,僧侣套装
361,Nun Set,灭绝套装
453,Ratical Set,鼠王套装
359,Gobbsage Set,神圣绵球套装
371,Forfut Set,缚灵套装
418,Imperial Treechnid Set,帝王树精套装
434,Kraken Set,超级爱鱿套装
474,Cloudy Strich Set,云朵鸵鸟套装
494,Icikle Set,寒冰咕哩套装
515,El Pochito Set,艾尔·波西诺套装
439,Black Widow Set,黑寡妇套装
431,Admihurl Set,黑珍珠将军套装
208,Destructive Set,Destructive Set
397,Whispering Set,低语套装
507,Count Harebourg Set,海尔伯格伯爵套装
510,Panoplie de Sable,沙滩套装
454,Rattagain Set,飞鼠套装
365,Milimoowolf Set,幼狼套装
367,Moowolf Set,狂狼套装
512,Panoplie de Gelée,海滩套装
381,Panoplie Vampyro,吸血公爵套装
475,Celestial Strich Set,天界鸵鸟套装
511,Panoplie à Facette,珍蚌套装
516,Imperial Trool Set,帝王巨魔套装
499,Lady Blabla Set,冰冰套装
440,Radioactive Set,磷光套装
221,Ropey Set,Ropey Set
394,Excarnus Set,喀努斯套装
495,Boohemoth Set,巨兽套装
508,Panoplie de Gelée,者喱套装
222,Rope Weapons,Rope Weapons
513,Panoplie Gonflée,大头套装
234,Black Crow Set,黑鸦骑士套装
388,Fanfest #1 Weapons,玩家节日 #1 武器
395,Milkar Set,米尔卡套装
416,Azaels Twin Daggers Set,阿扎尔双刀套装
443,Kroraging Set ,酷洛愤怒套装
444,Krotector Set,酷洛守护套装
534,Apprentice Set,学徒套装
398,Fortified Set,坚固套装
509,Panoplie de Gelée Royale ,皇家者喱套装
476,Divine Strich Set,神圣鸵鸟套装
392,Gobbalrog Set,熔岩套装
396,White Crow Set,白鸦套装
496,Polar Crackler Set,极地碎石者套装
501,YeChti'wawa Set,吉狼套装
506,Snowfoux Set,雪狼套装
497,Frozen Bones Set,冰骨套装
504,Necroforged Set,巫灵套装
393,Magmog Set,绵矛格套装
498,Meka Set,械卡套装
503,Hagen Daz Set,哈根·达兹套装
403,Worn Hushed Set,磨损的寂静套装
399,Undertone Set,寂静套装
404,Battered Hushed Set,破旧的寂静套装
518,Larduous Set,猪油套装
521,Black Wabbit Set,黑疯兔套装
535,Initiate Set,先行者套装
517,Dragon Pig Set,龙猪套装
505,Sylargh Set,塞拉套装
519,Lenald Set,福狸套装
523,Wabbit Set,疯兔套装
522,Emiw Set,王侯套装
528,Zwombbit Set,僵尸兔套装
536,Sage Set,圣灵套装
520,Lenald Boss Set,福狸王套装
525,Wabbit Guard Set,兔守卫套装
524,Wabbit Boss Set,兔长官套装
526,Wabbit Guard Boss Set,机械兔套装
529,Genetically Modified Set,基因改良套装
527,Wa Wabbit Set,兔皇帝套装