1,绵球
2,黑绵绵
3,绵球先锋
4,豆芙
5,豆芙妮
6,豆芙宝宝
39,白绵绵
40,天界绵球首领
41,绵团
42,绵矛格·熔岩绵球
44,皇家绵球
52,小咕哩
54,好斗咕哩
55,咕哩长老
57,咕哩
58,咕噜
69,幽灵骑士
75,幽灵骑士
77,酒徒宝藏猎人
81,英灵骑士
86,小啾啾
87,红啾啾
88,蓝啾啾
90,绿啾啾
94,邪恶蒲公英
95,恶魔玫瑰
102,酒徒刺客
118,幽灵弓箭手
120,英灵弓箭手
122,英灵弓箭手
123,蓝色变异虫
124,橙色变异虫
125,绿色变异虫
135,狮子花
138,温和蒲公英
144,阴森玫瑰
176,高大强
182,爱心兔
193,大块头
196,炸药包
200,没头脑
202,贪吃鬼
271,紫啾啾
272,粉啾啾
280,蜘蛛
281,蜘蛛将军
282,缠丝蜘蛛
326,漫步呱
348,稻草人
394,树桩精
395,树干精
396,树精
458,树呱
464,呆呱
641,幽灵幸运猫
642,英灵幸运猫
643,英灵幸运猫
677,幽灵狂战士
680,英灵狂战士
681,幽灵狂战士
685,酒徒守护者
692,渴耐大师
695,酒徒唤兽师
696,酒徒植物术士
697,酒徒时间法师
704,胖芙
735,幼虫
784,约巴克幽灵
785,紫色变异虫
787,乌贼船长
792,大旋鸟
793,小旋鸟
795,枯木旋鸟
801,英灵治愈者
802,幽灵治愈者
803,幽灵治愈者
818,Hogmeiser VIII
822,凯里·莱辛
823,地穴兽
833,喵喵
845,喵喵
857,兔兔
858,伐木工珍妮
863,索凯
864,跳跳绵球
865,沃尔夫冈
866,米米
867,大流沙
870,野性龙鸟
872,流沙隐居者
896,沃尔夫拉姆
897,绵球
898,绵绵
899,绵团
901,嗜血滋滋
948,肖恩·麦布
949,斯内司·卫普
950,史蒂夫·普芬
951,德尔·费坎
952,芬·格理诺斯
953,京吴
954,菲兹·泰福特
955,龙成
956,问叶
957,特纳·海德
958,杰连李
959,尤尼·丹
960,佩恩·孙
961,阿兹拉 II
962,佩恩·朱
963,佩恩·赵
964,佩恩·徐
965,哈默·桑
966,柯龙宗师
967,弗拉姆大师
969,特尔坎大师
970,睡醒的学徒
972,矮胖的学徒
973,米莱·格雷西
974,纳帕·格雷西
975,伊森·瓦拉克鲁什
976,尼米·托帕
977,科斯塔大师
978,卡雷布大师
979,小水滴
986,胖芙
995,太鼓
996,太鼓
1011,肖桑
1018,格鲁根·西斯
1019,理可雷
1020,初级面点师
1021,本内尔
1022,查克·初心者
1069,测试绵球
1070,滋滋
1107,Test Protector
1108,督军安迪
1109,法尔·英格拉斯
1110,乌戈·贝罗
1111,皮格米大师
1112,罗喵欧
1113,酒徒骑士
1114,酒徒狂战士
1115,酒徒幸运猫
1116,酒徒治愈者
1117,酒徒弓箭手
1127,骸骨破坏者
1132,大糊糊
1133,格瑞德
1134,贝老伯
1135,小糊糊
1136,天界绵球首领
1137,模型
1138,模型
1139,模型
1146,土匪武士
1147,阿迪巴·图特
1148,黑鸦骑士
1149,精英土匪祭司
1150,Black Crow
1151,Black Crow
1152,乌鸦
1153,灰乌鸦
1155,乌鸦先锋
1156,史努福
1157,史努福
1160,米兰达
1161,精英土匪射手
1163,史努福
1166,土匪
1167,土匪射手
1168,土匪祭司
1169,土匪武士
1170,悍匪首领
1171,星魔·布尔加
1173,Water Elemental
1174,Fire Elemental
1175,Earth Elemental
1180,耐钩·拉尔森
1181,西卡·英格拉斯
1182,加芬
1183,巴坎德
1184,乔治娅·玛尼
1185,面点师哈维
1187,皇家啾啾
1188,精英狼人
1189,狼嗷呜呼
1204,精英土匪武士
1205,土匪巴格
1206,枯瘦匪徒
1207,群居乌鸦
1208,土匪史努福
1209,白喵
1210,小乌鸦
1214,皇族巴德
1217,小爱鱿
1218,Crab
1219,Starfish
1220,哞崽
1221,哞哞
1222,牛蝇
1223,地穴兽工兵
1224,地穴兽宝宝
1226,肖桑的心腹
1227,土匪帽
1228,巨魔
1229,鼠小弟
1230,土匪射手
1231,土匪祭司
1232,土匪武士
1233,曼达尔
1234,莱拉公主
1235,莱拉公主
1236,炸弹人
1237,小布丁
1238,布丁妈妈
1239,布丁
1240,布丁村长
1242,巴克力
1243,蒙蒂·贝罗
1244,督军李
1245,乌特大师
1246,普莱德
1247,魔橱
1248,克劳斯
1255,巴尔·斯特劳德
1256,鳄布里奥
1257,正义骑士
1258,尼娜·瑞卡
1259,皇家豆芙
1260,鼠小弟
1261,老鼠
1262,骷髅鼠
1263,皮皮
1267,蓝咕咕
1268,红咕咕
1269,绿咕咕
1270,紫咕咕
1271,马克罗比奥
1272,克劳特
1273,尤蒂尼
1274,爆炸向日葵
1275,贪吃刺花
1276,大绿糊
1277,小绿糊
1278,沙皇滋滋
1280,小地穴兽
1281,捣蛋兽
1282,泽芬
1284,地洞
1285,泥团
1286,牛头人
1288,鳄布里奥
1305,多尼巨钳蟹
1306,牢骚兔
1307,奥古狂热者
1308,奥古狂热者
1309,奥古狂热者
1310,伐木工
1311,大流沙
1312,小爱鱿
1314,Gobbalroglet
1315,独行虫
1316,南施
1317,哥布林
1320,娃娃种子
1322,阿玛克纳守卫
1324,邦塔守卫
1326,邦塔守卫
1327,阿玛克纳守卫
1329,阿玛克纳农民
1330,古霍
1331,杰克·潘达尼尔斯
1332,格鲁布苏
1333,邦塔伐木工
1334,阿玛克纳守卫
1335,邦塔守卫
1338,Wabbit
1339,树莓者喱
1340,薄荷者喱
1341,草莓者喱
1342,Boowolf
1345,者喱皇帝
1346,波特
1347,阿尔伯特
1348,远古树精
1349,小家伙
1350,波特
1351,波特
1352,牛头人
1353,牛头人
1354,邦塔骸骨骑士
1355,骸骨骑士
1356,邦塔骸骨破坏者
1358,柠檬者喱
1359,树莓布喱
1360,柠檬布喱
1361,草莓布喱
1362,薄荷布喱
1363,邦塔精英骸骨
1364,精英骸骨
1365,邦塔骸骨射手
1366,骸骨射手
1367,者喱皇帝
1368,命运派守护者
1369,命运派弓箭手
1370,命运派时间法师
1371,命运派治愈者
1372,宽恕派幸运猫
1373,宽恕派熊猫武僧
1374,宽恕派植物术士
1375,宽恕派唤兽师
1376,混乱派骑士
1377,混乱派刺客
1378,混乱派狂战士
1379,混乱派宝藏猎人
1380,地穴兽宝宝
1381,幼年地穴兽
1382,成年地穴兽
1383,成熟地穴兽
1384,地穴兽长老
1385,魔族
1386,莎朗·莎姆女王
1387,丰齐格
1388,鸭子
1389,雷纳特
1390,白蜘蛛
1391,幽灵蜘蛛
1392,变异蜘蛛
1393,黑寡妇
1394,哥布林
1395,萨迪达守卫
1396,乌拉
1397,Love Craette
1398,Love Sadidette
1399,Love Sadidette
1400,Love Eniripsa
1401,Love Ecaflip
1402,Love Iop
1403,Love Enutrof
1404,督军文西
1405,巴尼大师
1406,克伯希先生
1407,Smisse 1
1408,Smisse 2
1409,Smisse 3
1410,命运派治愈者
1411,命运派植物术士
1412,格拉特尼
1413,维塞勒
1414,M先生
1416,魔族
1417,魔族
1418,魔族
1419,魔族
1420,魔族
1421,魔盒
1422,报丧鸟
1423,Gobball War Chief
1424,Gobball
1425,Black Gobbly
1426,White Gobbly
1427,Gobbette
1428,Royal Gobball
1429,独角仙头目
1430,独角小仙
1431,独角仙
1432,独角仙夫人
1433,狼
1434,狼祭司
1435,幼狼
1436,矮胖的杰克
1437,布拉克玛守卫
1438,布拉克玛守卫
1439,布拉克玛守卫
1441,先锋呱
1442,Baby Tofu
1443,Tofoone
1444,Tofu
1445,Tofurby
1446,鸵鸟宝宝
1447,红眼鸵鸟
1448,鸵鸟
1449,碎石小兵
1450,碎石小兵
1451,裂石者
1452,碎石者
1453,加力克
1454,Pappy Pal
1455,巨蛋
1456,月亮
1457,尼维
1458,Aralia Spinosa
1459,Sylvester the Poopeteer
1460,Charm the Charming Charmer
1461,The Trembling Leaf
1462,The Black Birch
1463,Magnolia Plata
1464,蒙面人
1465,Will Yamtell
1466,Robbin Hoody
1467,Al Pollo
1469,Xulf
1470,Xelfer
1471,Xunil
1472,Xaler
1475,Aspidon
1476,Kuro the Masokid
1477,贝拉
1478,Skorch the Pyromaniac
1479,Siksak the Transporter
1480,Sakura T. the Paladin
1481,Hairocles
1482,黑喵
1483,贝拉蛹
1484,Sakrifitz the Pactmaker
1485,Sylvester Saloon
1486,Brute Lise
1487,Stephen Seagull
1488,Jo-Chlo Vandam
1489,Doof Lungreen
1490,Bluna Feelgood
1491,Xetrov
1492,Snivel Pongbottom
1493,Hermania Grunger
1494,Ronwen Sly
1495,Garth Fyld
1496,Hairy Rotter
1497,神喵卡兹
1498,Cliffe Heath
1499,时间法师幻像
1500,Bap Guss
1501,鸵鸟人
1502,Silv Aster
1503,Ardy Ram
1504,Jess Kudo
1505,Jodi Narr
1506,Ike Opec
1507,Alister Ling
1508,Lucy Fur
1509,
1510,Beastly Piwi
1511,野性绵球
1512,野性绵团
1513,桀骜皇家绵团
1514,Wild Googoo
1515,野性小绵绵
1516,好斗小绵绵
1517,狂暴小绵绵
1518,喧嚣绵球
1519,白毛·绵道夫
1520,桀骜皇家绵球
1521,野性绵球先锋
1522,好斗的绵球
1523,狂暴绵球
1524,淘气绵球
1526,Cannibal Baby Tofu
1527,Sadistic Tofoone
1528,Cruel Tofu
1529,Brutal Tofurby
1530,Solitary Royal Tofu
1531,萨科·法古斯
1532,泰拉·米苏
1533,骷髅绵球
1534,好斗绵团
1535,狂暴绵团
1536,绵团皇后
1537,好斗绵球先锋
1538,狂暴绵球先锋
1539,绵球镇压者
1544,
1547,督军乌萨克
1548,斯克里奇大师
1549,克隆
1550,影分身
1551,大镰刀
1552,墓碑
1553,鱼肉中士
1554,旗鱼
1555,气球鱼
1556,霸波儿奔
1557,神圣绵球
1558,骨堆
1559,幽灵绵球
1560,幽灵绵团
1561,幽灵白绵绵
1562,幽灵黑绵绵
1563,幽灵绵球先锋
1564,幽灵咕噜
1565,幽灵咕哩
1566,幽灵好斗咕哩
1567,幽灵小咕哩
1568,幽灵独角仙头目
1569,幽灵独角仙夫人
1570,幽灵独角小仙
1571,幽灵独角仙
1572,幽灵豆芙宝宝
1573,幽灵豆芙妮
1574,幽灵豆芙
1575,幽灵胖芙
1576,盗贼幻像
1577,幽灵贪吃刺花
1578,幽灵狮子花
1579,幽灵邪恶蒲公英
1580,幽灵恶魔玫瑰
1581,幽灵阴森玫瑰
1582,幽灵爆炸葵
1583,蟛蜞
1584,蟹王
1585,巨钳蟹
1586,乌戈·泰达尔
1587,范·库珀
1588,幽灵霸波儿奔
1589,幽灵气球鱼
1590,幽灵旗鱼
1591,司洛斯
1592,萨弗基亚守卫
1593,萨弗基亚守卫
1594,萨弗基亚守卫
1595,比隆·斯特劳德
1596,伊莱·希安菲尔兹
1597,信天翁
1598,蚌蚌
1599,梅尔巴
1600,幽灵鱼肉中士
1601,法法霍夫
1602,Cursed Gobball
1603,艾努·斯特劳德
1604,萨弗基亚
1605,奥古狂热者
1606,奥古狂热者
1607,奥古狂热者
1608,奥古狂热者
1609,奥古狂热者
1610,奥古狂热者
1611,奥古狂热者
1612,奥古狂热者
1613,狂欢贝拉
1614,狂欢信天翁
1615,疯哞
1616,狂欢稻草人
1617,辛索尔
1618,弗尔蕾·棉袜
1619,拉森努斯·华莱士
1620,星魔
1621,绵球斯基
1625,红喵
1626,土匪
1627,智慧旋鸟
1628,幽灵
1629,伤心的豆芙妮
1630,欠揍牛头人
1631,矮胖鸵鸟
1632,哞哞桑
1633,布丁凝视者
1634,鲁滨蟹
1635,地穴兽女王
1636,花花公子
1637,苍白的贝鲁佳
1638,快活鱼
1639,流氓糊
1640,蜘蛛捕获者
1641,独眼史努福
1642,喵米克斯
1643,吸血乌鸦
1644,基努·喱维斯
1645,红酒咕哩
1646,绿色工虫
1647,霸街
1648,史努福
1649,地洞
1650,地穴兽
1652,高图
1653,斯托夫
1654,智慧旋鸟
1655,土匪
1656,小石笋精
1657,石笋精
1658,老石笋精
1659,莫·尼多克斯
1660,库斯提布莱克
1661,石笋幻像
1662,布拉克玛守卫
1663,阿玛克纳守卫
1664,邦塔守卫
1665,萨弗基亚守卫
1666,可可格洛
1667,守望者
1668,布拉克玛黑暗矿工
1669,萨弗基亚黑暗渔民
1670,阿玛克纳黑暗面点师
1671,邦塔黑暗伐木工
1672,阿斯图布小咕哩
1673,阿斯图布咕哩
1674,阿斯图布独角小仙
1675,阿斯图布独角仙
1676,阿斯图布气球鱼
1677,阿斯图布旗鱼
1678,阿斯图布狮子花
1679,阿斯图布恶魔玫瑰
1682,潘多克船长
1686,椰芽
1687,椰茎
1688,椰根
1689,蚌蚌
1690,蜗牛
1691,黑暗蚌
1692,幼鲨
1693,锤头鲨
1694,枪鲨
1695,阿玛克纳幽灵守卫
1696,黑旗鱼
1697,邦塔幽灵守卫
1698,布拉克玛幽灵守卫
1699,萨弗基亚幽灵守卫
1700,大爱鱿
1701,爱鱿
1702,乌鲁
1703,白椰根
1704,斯拉梅迪男爵
1705,水晶小石笋精
1706,莫泽
1707,骸骨之王
1708,斯拉梅迪男爵
1709,波索尔大师
1710,阿斯图布老鼠
1711,阿斯图布幼虫
1712,奥古
1713,软泥球
1714,软泥居士
1715,软泥隐士
1716,软泥武士
1717,巴尼大师
1718,乌特大师
1719,皮格米大师
1720,斯克里奇大师
1721,飓风
1722,飓风先锋
1723,水域埋葬者
1724,粉绵球
1725,彩蛋兔
1726,食人花
1727,皇家咕哩
1728,海星
1729,泽尼特蟛蜞
1730,泽尼特巨钳蟹
1731,奥古狂热者
1732,奥古狂热者
1733,奥古狂热者
1734,奥古狂热者
1736,软泥大夫
1737,鬼火
1738,火焰独角仙
1739,哈里·舒洛
1740,哈里·杰瑞
1741,哈里·露亚
1742,哈里·凯蒂
1743,哈里·浩克
1744,哈里·贝里
1745,哈里·巴迪
1746,鬼火
1749,熔岩独角仙
1750,骸骨英雄
1751,老宾逊
1752,骸骨还魂者
1753,星期五
1754,土匪武士
1755,土匪射手
1756,土匪祭司
1757,土匪
1758,土匪武士
1759,土匪祭司
1760,土匪射手
1761,土匪
1762,土匪帽
1763,土匪帽
1764,土匪帽
1765,土匪帽
1766,悍匪武士
1767,悍匪祭司
1768,悍匪射手
1769,悍匪
1771,悍匪帽
1775,精英爱心兔
1776,恶僧
1777,残忍修士
1778,阴险修士
1779,胖头陀
1780,小狼人
1781,狼人
1782,满月祭司
1783,Lord Gobbsage
1784,小乌鸦
1785,丹·索米尼克·克劳斯特
1786,灭绝女巫
1787,飞毛鼠
1788,Moowolf
1789,响尾鼠
1790,贪吃鼠
1791,小乌鸦
1792,满月
1793,碎石长老
1796,土匪史努福
1797,幼狼
1798,幼狼
1799,三藏
1800,三藏
1801,幼狼
1802,乌鸦
1803,满月祭司
1804,泽尼特老石笋精
1805,泽尼特小石笋精
1806,泽尼特石笋精
1807,格易十三
1808,小斯雷克
1809,斯雷克
1810,长尾斯雷克
1811,斯雷克法师
1812,比奇
1813,维吉
1814,杰吉
1815,巴里
1816,喵外婆
1817,白喵
1818,缚灵市长
1819,Ghost of Lord Gobbsage
1820,斯雷克头领
1822,斯雷克守卫
1823,斯雷克保姆
1824,斯雷克囚犯
1825,大蝙蝠球
1826,斯雷克守卫头领
1827,食尸鬼
1828,暴食者
1829,蝙蝠球
1830,石笋领主
1831,云朵绵球先锋
1832,云朵绵团
1833,云朵绵球
1834,云朵白绵绵
1835,云朵黑绵绵
1836,吸血公爵
1837,斯雷克女王
1838,Salbatroce
1839,斯雷克蛋
1840,土匪史努福
1841,格易十三
1842,Bouftou de Test Résistant
1843,雾霾克斯伯爵
1844,泽尼特小石笋精
1845,泽尼特石笋精
1846,泽尼特老石笋精
1847,猜拳大师
1848,猜拳能手
1849,猜拳学徒
1850,猜拳专家
1851,喵外婆
1852,贝贝女士
1853,夸夸先生
1854,考贝
1855,天使球比特
1856,鬼灵
1857,狂欢魔
1858,黑暗的弗拉德
1859,爱心士兵
1860,天使球比特
1861,爱心绵球
1862,绵球
1863,Invocateur Arène
1864,绵团
1865,白绵绵
1866,黑绵绵
1867,绵球先锋
1868,豆芙宝宝
1869,豆芙妮
1870,豆芙
1871,胖芙
1872,皇家绵球
1873,皇家豆芙
1874,热气球
1875,独角仙头目
1876,独角仙夫人
1877,独角小仙
1878,独角仙
1879,火焰独角仙
1880,霸波儿奔
1881,气球鱼
1882,鱼肉中士
1883,旗鱼
1884,黑旗鱼
1885,小咕哩
1886,咕噜
1887,咕哩
1888,好斗咕哩
1889,皇家咕哩
1890,狮子花
1891,邪恶蒲公英
1892,恶魔玫瑰
1893,爆炸向日葵
1894,食人花
1895,食尸鬼
1896,狂欢者
1897,埋葬者
1898,雷·米斯特里奥
1899,巨魔
1900,狂欢者
1901,狂欢者
1902,狂欢者
1903,埋葬者
1904,埋葬者
1905,埋葬者
1906,雷·米斯特里奥
1907,雷·米斯特里奥
1908,雷·米斯特里奥
1909,哞哞
1910,绿色变异虫
1911,幼狼
1912,狼
1913,独角仙头目
1914,独角仙夫人
1915,兔兔
1916,锤头鲨
1917,霸波儿奔
1918,绵球
1919,绵团
1920,旗鱼
1921,哞崽
1922,信天翁
1923,鸵鸟
1924,Phorreur
1925,枪鲨
1926,锤头鲨
1927,幼鲨
1928,老石笋精
1929,小石笋精
1930,石笋精
1931,大旋鸟
1932,枯木旋鸟
1933,小旋鸟
1934,裂石者
1935,碎石者
1936,碎石长老
1937,骷髅绵球
1938,皮皮
1939,信天翁
1940,贝拉
1941,稻草人
1942,小啾啾
1943,粉啾啾
1944,紫啾啾
1945,绿啾啾
1946,红啾啾
1947,蓝啾啾
1948,紫咕咕
1949,绿咕咕
1950,红咕咕
1951,蓝咕咕
1952,喵喵
1953,白喵
1954,喵外婆
1955,皇家啾啾
1956,吉祥物
1957,命运派弓箭手
1958,命运派治愈者
1959,命运派时间法师
1960,命运派守护者
1961,宽恕派植物术士
1962,宽恕派熊猫武僧
1963,宽恕派唤兽师
1964,宽恕派幸运猫
1965,混乱派刺客
1966,混乱派狂战士
1967,混乱派骑士
1968,混乱派宝藏猎人
1969,斯拉梅迪男爵
1970,熔岩裂石者
1971,加雷比幼鲨
1972,幽灵旋鸟
1973,黄金豆芙
1974,白银咕哩
1975,愤怒的啾啾
1976,蜘蛛
1977,幽灵神圣绵球
1978,多米尼克
1979,食尸鬼
1980,地穴兽
1981,绿色植物
1982,黑鸦骑士
1983,吸血公爵
1984,爱心绵球先锋
1985,爱心绵绵
1986,喀努斯·骷髅领主
1987,狂狼米尔卡
1988,黑鸦骑士
1989,黑鸦骑士
1990,幼狼
1991,皇家爱心绵球
1992,爱心绵团
1993,天使球比特
1995,爱心士兵
1996,熔岩裂石者
1997,水晶小石笋精
1998,加雷比幼鲨
1999,幽灵旋鸟
2000,人形娃娃
2001,地穴人
2002,兔人
2003,喵人
2004,乌鸦先锋
2005,骨堆
2006,骷髅绵球
2007,野性绵球先锋
2008,狂暴绵球
2009,熔岩绵球
2010,Boufballe
2011,智能机器人
2012,狼学专家
2013,鲍里斯·艾卡
2014,骸骨粉碎者
2015,骸骨粉碎者
2016,李格瑞斯
2017,烈焰骸骨骑士
2018,烈焰石笋精
2019,暴食者
2020,兔人
2021,地穴人
2022,人形娃娃
2023,喵人
2024,酒徒骑士
2025,酒徒刺客
2026,酒徒治愈者
2027,酒徒狂战士
2028,阿尔玛纳祭坛
2045,蒸汽毁灭者
2046,南瓜头绵球首领
2047,南瓜头绵球
2048,南瓜头绵球
2049,蒸汽匪徒
2050,蒸汽热狗
2051,蒸汽破坏者
2052,蒸汽路匪
2055,超级神喵
2056,蒸汽匪徒
2057,蒸汽匪徒
2058,蒸汽匪徒
2059,蒸汽破坏者
2060,蒸汽破坏者
2061,蒸汽破坏者
2062,蒸汽热狗
2063,蒸汽热狗
2064,蒸汽热狗
2065,蒸汽路匪
2066,蒸汽路匪
2067,蒸汽路匪
2068,雾霾克斯伯爵
2069,毛豆工头
2070,毛豆
2071,毛豆建筑师
2073,南瓜头村民
2074,低语步兵
2075,低语弩兵
2076,低语旗手
2077,胆小大使
2078,低语碎石者
2079,Test Npc Hito MDC
2080,Jelus Vernes
2081,背叛者
2083,低语裂石者
2084,低语碎石长老
2085,嘘独大师
2086,南瓜头绵绵
2087,背叛者
2088,碎语者
2089,南瓜
2090,南瓜头绵绵
2091,收藏家萨沙
2092,南瓜头绵球
2093,定点裂石者
2094,定点碎石者
2095,大锅
2096,女巫
2097,低语指挥官
2098,低语指挥官
2099,低语步兵学徒
2100,嘘独大师
2101,低语弩兵学徒
2102,被释放的碎石者
2103,被释放的裂石者
2104,南瓜头绵球
2105,南瓜
2106,硬化碎石者
2107,女巫幻像
2108,投石者
2109,夺命岛守卫
2110,囚犯
2111,嘘独机关门
2112,绵球统领
2113,豆芙统领
2114,鱼统领
2115,螃蟹统领
2116,椰茎统领
2117,鲨鱼统领
2118,哞哞统领
2119,咕哩统领
2120,糊糊统领
2121,树精统领
2122,植物统领
2123,布丁统领
2124,呱统领
2125,独角仙统领
2126,鸵鸟统领
2127,小石笋精统领
2128,蚌统领
2129,鼠统领
2130,头狼
2131,异域生物统领
2132,乌鸦统领
2133,蝙蝠球统领
2134,低语统领
2135,碎语裂石者
2136,蜘蛛统领
2137,投石器
2138,压石机
2139,小果冻
2140,伐木工珍妮
2141,野性绵球统领
2142,军官旗手
2143,低语碎石尖兵
2144,低语碎石将军
2145,矮胖豆芙
2146,阿斯图布小啾啾
2147,阿斯图布粉啾啾
2148,阿斯图布紫啾啾
2149,阿斯图布绿啾啾
2150,阿斯图布红啾啾
2151,阿斯图布蓝啾啾
2152,阿斯图布紫咕咕
2153,阿斯图布绿咕咕
2154,阿斯图布红咕咕
2155,阿斯图布蓝咕咕
2156,阿斯图布喵喵
2157,变异虫主宰
2158,异域蟹
2159,乌贼岛海星
2160,异域信天翁
2161,异域蚌
2162,海盗
2163,海盗
2164,海盗
2165,海盗
2166,阿斯图布紫色变异虫
2167,阿斯图布绿色变异虫
2168,阿斯图布橙色变异虫
2169,阿斯图布蓝色变异虫
2170,金色牢笼
2171,低语矿工
2172,海盗舵手
2173,海盗船长
2174,阿玛克纳私掠船长
2175,阿玛克纳舵手
2176,阿玛克纳海员
2177,阿玛克纳水手
2178,爱鱿王
2179,邦塔水手
2180,邦塔海员
2181,邦塔舵手
2182,邦塔私掠船长
2183,布拉克玛水手
2184,布拉克玛海员
2185,布拉克玛舵手
2186,布拉克玛私掠船长
2187,萨弗基亚舵手
2188,萨弗基亚水手
2189,萨弗基亚海员
2190,萨弗基亚私掠船长
2191,乌鸦长老
2192,黑珍珠舵手
2193,黑珍珠海盗
2194,黑珍珠海盗
2195,黑珍珠船长
2196,乌鸦
2197,首领白鲨
2198,碎石首领
2199,淘气精灵
2200,鹿司令
2201,礼物盒
2202,圣诞老人
2203,害羞精灵
2204,欢乐精灵
2205,大礼盒
2206,雅克
2207,雅克
2208,雅克
2209,罗宾·侯
2210,薇丽丝·布鲁
2211,圣骑士·樱
2212,玛内·多莱
2213,苏菲·斯泰克
2214,加斯·菲尔德
2215,木兰·普拉塔
2216,支配者·械伊
2217,哈雷·欧萨拉
2218,阿诺德·施尔德
2219,川烧酒
2220,温德安女士
2221,但丁·昂德斯
2222,机械菲列克斯
2223,硬骨头
2224,礼物盒
2225,鹿参谋
2226,圣诞老人
2227,狡猾精灵
2228,哈贝奥
2229,唤兽师工头
2230,盘丝炸弹
2231,礼物盒
2232,礼物盒
2233,礼物盒
2234,礼物盒
2235,精英贝拉
2236,奇拉
2237,蒙面人
2238,蒙面人
2239,蒙面人
2240,红狼人
2241,小斯雷克迁徙者
2242,长尾斯雷克迁徙者
2243,斯雷克迁徙者
2244,斯雷克法师迁徙者
2245,史努福·腐蚀者
2246,科尔巴旋风
2247,恶匪祭司
2251,猪斗士
2252,犯戒僧
2253,皮卡喵秋
2254,白魔女
2255,吸血滋滋
2256,Chef Encapuchonné  TEST TANG
2257,科尔巴飓风
2258,恶匪
2259,恶匪射手
2260,恶匪武士
2261,者喱通道
2262,皇家旋鸟
2263,云朵豆芙
2264,云朵豆芙妮
2265,云朵胖芙
2266,天界豆芙
2267,豆豆
2268,Plagiste
2270,Boufton Sauvage
2271,皇家哞哞
2272,皇家布丁
2273,皇家鸵鸟
2274,云朵粉啾啾
2275,云朵啾啾
2276,云朵咕咕
2277,天界啾啾
2278,布丁村长守卫
2279,布丁守卫
2280,布丁妈妈
2281,小小守卫
2282,蟛蜞守卫
2283,巨钳蟹守卫
2284,蟹王守卫
2285,蟹皇
2286,牛蝇守卫
2287,哞崽守卫
2288,哞守卫
2289,鸵鸟宝宝守卫
2290,鸵鸟守卫
2291,红眼鸵鸟守卫
2292,皇家巨蛋
2293,云朵小啾啾
2294,黄金咕咕
2295,Boubouze Royale
2296,Célestenlion
2297,Célestenlit
2298,Célestrose
2299,Der Hacine Aidézel
2300,Bouftou Sauvage
2301,Boufette Sauvage
2302,Chef de Guerre Sauvage
2303,Bouftou Enragé
2304,云朵豆芙宝宝
2305,Ti' Nuageux
2306,Mama Nuageuse
2307,Flaqueux Nuageux
2308,Flakachef Nuageux
2309,Moomouche Nuageuse
2310,Moogrron Nuageux
2311,Moogrr Nuageuse
2312,Moogrr Céleste
2313,变异鼠王
2314,云朵鸵鸟宝宝
2315,云朵鸵鸟
2316,云朵红眼鸵鸟
2317,天界鸵鸟
2318,云朵巨蛋
2319,天界巨蛋
2320,Cralbator Nuageux
2321,Père Crabtor Nuageux
2322,Surimi Nuageux
2323,Crabe Céleste
2324,Pioulette Sauvage
2325,Piou Enragé
2326,Flaqueux Céleste
2327,Divine Margarine
2328,Célestenlit Duveteux
2329,打人豆豆 50
2330,Célestensol Eclatant
2331,巨蛋
2332,打人豆豆 100
2333,打人豆豆 200
2334,打人豆豆 300
2335,打人豆豆 400
2336,Gardien Zobal
2337,Gardien Zobal
2338,Champion Zobal
2339,极地石笋精
2340,极地碎石者
2341,极地石笋怪
2342,极地碎石长老
2343,哈根·达兹
2344,北地蛮兵
2345,北地守卫
2346,北地射手
2347,北地追踪者
2348,基娅·寒冰夫人
2349,寒冰雕像
2350,械卡堡垒
2351,械卡乌鸦
2352,械卡钟摆
2353,械卡狂暴者
2354,塞拉
2355,胖嘟嘟
2356,不高兴
2357,巫毒娃娃
2358,史蒂芬·冰山
2359,小寒冰咕哩
2360,寒冰咕哩
2361,钢铁寒冰咕哩
2362,犄角咕哩
2363,饭冰冰
2364,北地小乌鸦
2365,北地乌鸦
2366,北地狼祭司
2367,北地狼人
2368,吉狼狼
2370,迪波尔神父
2371,砰砰
2372,哩冰冰
2373,冰喵
2375,雪狼射手
2376,雪狼蛮兵
2377,雪狼守卫
2378,雪狼追踪者
2379,林士凡
2380,砰砰的机械蜘蛛
2381,总务大神
2382,蒙面游魂
2383,海尔伯格伯爵
2384,独行巨兽芬里斯
2385,赫尔·皮斯
2386,劳·布里坎特
2387,坎蒂尔市长
2388,毁灭水珠
2389,Test IA Tang
2390,尼莱扎的助手
2391,临时潜水装备
2392,毁灭水滴
2393,乌鸦
2394,大卫·克罗克
2395,范·佩特
2396,范·斯·哲
2397,巴特·特米斯
2398,泰拉尼斯水手
2400,泰拉尼斯海员
2401,泰拉尼斯船长
2402,路易吉的寒冰咕哩
2403,路易吉的犄角咕哩
2404,路易吉的钢铁寒冰咕哩
2405,路易吉的小寒冰咕哩
2406,泰拉尼斯水手
2407,泰拉尼斯海员
2408,泰拉尼斯船长
2409,Moine_test
2410,Assistant Archiviste d'Amakna
2411,同花·昆汀
2412,让·皮埃尔·烤麸
2413,吉奥夫·雷
2414,阿尔·伊芙
2415,桑克鲁斯船长
2416,希波利特·瑟米亚
2417,劳·布里坎特
2418,坎蒂尔市长
2419,丽萨·卡娅
2420,赫尔·皮斯
2421,迪波尔神父
2422,北地射手
2423,北地蛮兵
2425,北地追踪者
2426,北地守卫
2427,基娅·寒冰夫人
2428,北地住民
2429,eca de test
2430,龙猪
2431,安全系统 III
2432,安全系统 I
2433,安全系统 II
2434,安全系统 III
2435,安全系统 IV
2436,泰拉尼斯寻路者
2437,泰拉尼斯侦查员
2438,泰拉尼斯向导
2439,Bibliothèque
2440,狂欢者
2441,埋葬者
2442,雷·米斯特里奥
2443,艾尔·波西诺
2444,柠檬维度
2445,Dimension Fraise
2446,薄荷维度
2447,Dimension Framboise
2448,者喱通道
2449,向日葵
2450,豌豆枪
2451,受惊吓的布喱
2452,Mamapoutre
2453,Tatapoutre
2454,Zazapoutre
2455,Babapoutre
2456,Patapikot fébrile
2457,昏暗贪吃鼠
2458,昏暗飞毛鼠
2459,昏暗响尾鼠
2460,喱维鱼
2461,喱维鲨
2462,幼年蚯蚓
2463,成年蚯蚓
2464,珍蚌珠
2465,树莓者喱男孩
2466,薄荷者喱女孩
2467,草莓者喱男孩
2468,柠檬者喱女孩
2469,喱维萨女王
2470,喱维萨国王
2471,雅基夫·哈欠
2472,莱格·斯伦
2473,滑妃
2474,白者喱
2475,甘草者喱
2476,道格
2477,克劳拉·罗芙特
2478,Chacha drop Chienchien
2479,珍蚌喱维鱼
2480,珍蚌喱维鲨
2481,珍蚌成年蚯蚓
2482,珍蚌幼年蚯蚓
2483,比利·瓜南
2484,默尔克·欧贝尔
2485,追命者特雷维
2486,阿卡布船长
2487,飓风
2488,旋风
2489,低语爱喵者
2490,低语喵喵
2491,低语喵喵
2492,Disciple de Kano
2493,捉鬼者艾根
2494,疯狂的草莓者喱男孩
2495,疯狂的树莓者喱男孩
2496,疯狂的柠檬者喱女孩
2497,疯狂的薄荷者喱女孩
2498,Mercenaire Fecaette
2499,Mercenaire Eniripsette
2500,Mercenaire Crâ
2501,Chef des mercenaires
2502,DJ 者喱男孩
2503,Jem's Blond
2504,兔兔
2505,兔兔麻麻
2506,兔弟弟
2507,黑暗兔兔
2508,柠檬者喱
2509,Opée Tissoin
2510,Garde
2511,米米
2512,沃尔夫冈
2513,薄荷者喱
2514,草莓者喱
2515,暗影
2516,Makum Bah
2517,Oscar Nak
2518,[Player] 者喱 DJ
2519,草莓者喱男孩
2520,薄荷者喱女孩
2521,柠檬者喱女孩
2522,饥饿者喱
2523,草莓者喱男孩
2524,树莓者喱男孩
2525,柠檬者喱女孩 -公开-
2526,暗影召唤
2527,DJ 大卫·戈多
2528,演讲者
2529,透明者喱王
2530,薄荷者喱王
2531,草莓者喱王
2532,树莓者喱王
2533,柠檬者喱王
2534,布喱
2535,者喱裁决者
2536,饥饿者喱王
2537,柠檬者喱王
2538,草莓者喱王
2539,树莓者喱王
2540,薄荷者喱王
2541,透明者喱王
2542,唐纳朗基罗
2543,海星
2544,泽尼特蟛蜞
2545,泽尼特巨钳蟹
2546,软泥球
2547,软泥居士
2548,软泥隐士
2549,软泥武士
2550,小福狸
2551,福狸
2552,老福狸
2553,肥福狸
2554,大福狸
2555,福狸王
2556,福狸王
2557,Scolpion
2558,Sub-Zelo
2559,黑疯兔
2560,黑疯兔弟弟
2561,Black Wo Wabbit
2562,Black Gwandpa Wabbit
2563,Black Wabbit Emiw
2564,黑暗地穴兽
2565,疯兔弟弟
2566,疯兔
2567,Wo Wabbit
2568,兔爷爷
2570,兔长官
2571,Lenaldy Snickel
2573,Shilay Lyu Lenald
2574,Lin Kawaii Lenald
2577,Wabbit Shawpshootew
2578,疯兔骑兵
2579,兔守卫
2580,Wobot
2581,Wobot in Chief
2582,兔皇帝
2583,Wambo
2584,Siw Bows
2585,李二王
2586,Runaway Black Wabbit
2587,阿斯图布紫色变异虫
2588,阿斯图布绿色变异虫
2589,阿斯图布橙色变异虫
2590,阿斯图布蓝色变异虫
2591,阿斯图布幼虫
2592,Indoctrinated Black Wabbit
2593,塞拉
2594,Decawwoter 3333
2595,海尔伯格伯爵
2596,Freshly Unearthed Wabbit
2597,波西喵
2598,安戈拉喵
2599,Foweman
2600,Specialized Wowkew
2601,混乱植物
2602,软泥大夫
2603,史瑞迪
2604,Boney Wabbit
2605,Gweat GM Wabbit
2606,Boney Tiwabbit
2607,Bandaged Gwandpa Zwombbit
2608,Wo Zwombbit
2610,奥古狂热海盗
2612,大脚帮忍者
2613,Loyal Lenald
2614,绿福狸
2615,红福狸
2616,喵喵
2617,白喵
2618,草莓者喱
2619,柠檬者喱
2620,树莓者喱
2621,薄荷者喱
2622,梅麦克
2623,Mini Slek
2624,混乱狮子花
2625,Pwofessow Womewo
2626,伊戈尔
2628,福狸守卫
2630,Lenaldix
2631,Chaucew
2632,Wot
2633,Cawwot Hawvestew
2634,Tiwabbit Commando
2635,Wabbit Commando
2636,Decawwoting Crobak
2637,姜戈
2638,Mawvin Noiw
2639,Putwid Cawwot
2640,Mastel Callot-Clunchel
2641,K-bit
2642,Empty Wobot
2643,Chest Guawd
2644,兔弟弟
2645,兔兔麻麻
2646,Wa's Chest Doow
2647,Wobot Guawd
2648,树莓者喱男孩
2650,Wabbit Stewawd
2651,Lieutenant of the Woyal Guawd
2652,Mastel Bigtooth
2653,Mastel Flozenpaw
2654, Bombeur
2655,Couptout
2656,Doc'
2657,Gros bras
2658,Shriveled Wabbit Guawd
2659,Forgotten Wabbit Courtier
2660,Demi-Boss
2661,Temple Guawdian
2662,Chef de Guerre Bouftou
2663,Bouftou
2664,Boufton Noir
2665,Boufton Blanc
2666,Boufette
2667,Bouftou Royal
2668,Gouloutony
2669,Goule
2670,Chauffe-Souris Dodue
2671,Chauffe-Souris
2672,Vampyro
2673,Grouilleux A
2674,Grouilleux B
2675,Grouilleux C
2676,Grouilleux D
2677,Nox
2678,Yugo
2679,Tristepin
2680,Ruel
2681,Amalia
2682,Evangelyne
2683,Az
2684,Captain Amakna
2685,兔皇帝
2687,Black Tiwabbit Pywotechnist
2690,Bandaged Gwandpa Zwombbit
2691,Boney Tiwabbit
2692,Boney Wabbit
2693,Wo Zwombbit
2694,柯龙宗师
2695,Shilay Lyu Training Dummy
2696,柠檬者喱王
2697,草莓者喱王
2698,树莓者喱王
2699,薄荷者喱王
2700,饥饿布喱
2701,Lin Kawaii Training Dummy
2703,Bouftou
2704,Cawwot Bomb
2705,Coach
2707,Dramakuine
2708,终结者
2709,爱鱿大哥
2710,奔波霸
2711,Petit-Poids
2712,Carotte
2713,Gadou
2714,火腿魔
2715,Kaman
2716,Manolo
2717,Picollo
2718,Teddy
2719,Calin
2720,[TEST] Monstre QE
2721,[TEST] Monstre QE
2722,Shilay Lyu Disciple
2723,Lin Kawaii Disciple
2724,小白龙学徒
2725,林口耐学徒
2726,Shilay Lyu Novice
2727,Lin Kawaii Novice
2728,拉娜·阿穆斯
2729,尤蕾
2730,瓦伦丁·菲伊
2731,Lin Kawaii Lenald
2732,Lin Kawaii Lenald
2733,Shilay Lyu Lenald
2734,Shilay Lyu Lenald
2735,Lin Kawaii Clan Member
2736,Shilay Lyu Clan Member
2737,见习疯兔骑兵
2738,Novice Wabbit Guawd
2739,Novice Wabbit Shawpshootew
2740,Novice Wobot
2741,Gweat Blue GM Wabbit
2743,僵尸兔
2744,元素知识学徒
2745,踢踢屁股学徒
2746,远程打击学徒
2747,Boney Tiwabbit
2748,辅助技能学徒
2749,小果冻
2750,兔皇帝
2751,Tourtobot
2752,圆滚滚
2753,圆滚滚首领
2754,南瓜头食尸鬼
2755,无头骸骨
2756,卡特里娜·斯列文斯坦
2757,狼
2759,Kralaman's Henchman
2760,Lardevil's Henchman
2761,Decepticod's Henchman
2762,Merkator's Henchman
2763,暗影巨钳蟹
2764,野性绵球先锋
2765,野性绵球
2766,巫术绵团
2767,野性小绵绵
2768,超级野性绵球
2769,阿斯图布佣兵
2770,兽人矿工
2771,兽人炸弹兵
2772,兽人战士
2773,机械兽人
2774,索克
2775,麦麦·图
2776,铛铛·图
2777,衣衣·图
2778,白绵绵游魂
2779,骷髅绵球
2780,传球手
2781,拦截手
2782,接球手
2783,兽兽球
2784,兽人球手
2785,Goule Elite
2786,范·德·来福
2787,Roi Chafe Elite
2788,海尔伯格伯爵
2789,拦截手
2790,传球手
2791,接球手
2792,Snipfer Elite
2793,骷髅绵球先锋
2794,勒波克
2795,兽人矿工
2796,兽人战士
2797,兽人炸弹兵
2798,愤怒怨灵
2799,愤怒怨灵
2800,兽人厨师
2801,沙尔
2802,发疯的兽人
2803,零号患者
2804,伟大的弗爵爷
2805,老亨利·琼斯
2806,石头
2807,地穴兽
2808,幽灵绵球
2809,愤怒怨灵
2810,愤怒怨灵
2811,受惊吓的兽人矿工
2812,枪鲨
2813,邦塔考古学家
2814,阿玛克纳考古学家
2815,萨弗基亚考古学家
2816,黑暗蚌
2817,树精
2818,碎石长老
2819,独行虫
2820,痊愈的零号患者
2821,复仇怨灵
2822,兽人矿工
2823,兽人战士
2824,兽人炸弹兵
2825,被诅咒的遗物
2826,怨灵主宰
2827,Vampyro Elite
2828,Beelzebug
2829,Skale
2830,Trank
2831,Krobax
2832,Lumino
2833,Shadow
2834,白绵绵
2836,黑绵绵
2837,绵团
2838,绵球
2839,绵球先锋
2840,狼人
2841,衣衣·玛
2842,麦麦·玛
2843,铛铛·玛
2844,衣衣·邦
2845,衣衣·布
2846,衣衣·萨
2847,麦麦·邦
2848,麦麦·布
2849,麦麦·萨
2850,铛铛·邦
2851,铛铛·布
2852,铛铛·萨
2853,兽人向导
2854,勒波克
2855,支持者
2856,支持者
2857,支持者
2858,支持者
2859,疲惫的考古学家
2860,Vieillard Lenald Aveugle
2861,Kralaman
2862,Lardevil
2863,Megathon
2864,Merkator
2865,Ombre
2866,Comte Harebourg
2867,佣兵队长
2868,格灵奇
2869,年球
2870,愤怒的逃犯
2871,困惑的逃犯
2872,诡异的逃犯
2873,奥铎麦门徒
2874,礼物盒
2875,礼物盒
2876,狂热分子
2877,狂热分子
2878,狂热分子
2879,狂热分子
2880,噬年兽
2881,狂热老仙
2882,克鲁中士
2883,卢戈·福拜
2884,阿玛克纳守卫
2885,阿玛克纳守卫
2886,阿玛克纳守卫
2887,恶魔捕手
2888,狂热成员
2889,邦塔守卫
2890,邦塔守卫
2891,邦塔守卫
2892,莱恩·福拜
2893,莫克中士
2894,布拉克玛守卫
2895,布拉克玛守卫
2896,布拉克玛守卫
2897,德曼中士
2898,卡林·福拜
2899,萨弗基亚守卫
2900,萨弗基亚守卫
2901,萨弗基亚守卫
2902,科尔·福拜
2903,西摩中士
2905,野喵
2906,喵喵
2909,巨钳蟹
2910,蟹王
2911,蟛蜞
2912,嗜血滋滋
2913,滋滋
2914,狮子花
2915,稻草人
2916,独角小仙
2917,鸵鸟宝宝
2918,鸵鸟
2919,红眼鸵鸟
2920,霸波儿奔
2921,地穴兽工兵
2922,皮皮
2923,贝拉
2924,小布丁
2925,布丁
2926,布丁妈妈
2927,布丁村长
2928,精英骸骨
2929,呆呱
2930,椰茎
2931,小糊糊
2932,大糊糊
2933,枯木旋鸟
2934,信天翁
2935,鲨鱼骑士
2936,树精
2937,树干精
2938,树桩精
2939,蜘蛛
2940,海盗舵手
2941,缠丝蜘蛛
2942,蜘蛛将军
2943,阿玛克纳舵手
2944,小爱鱿
2945,爱鱿
2946,大爱鱿
2947,枪鲨
2948,锤头鲨
2949,幼鲨
2950,邦塔舵手
2951,蚌蚌
2952,黑暗蚌
2953,蜗牛
2954,布拉克玛舵手
2955,萨弗基亚舵手
2956,变异蜘蛛
2957,械卡堡垒
2958,械卡钟摆
2959,械卡乌鸦
2960,械卡狂暴者
2961,绵球
2962,小咕哩
2963,幼狼
2964,贪吃鼠
2965,独角仙
2966,石笋精
2967,
2968,
2969,
2970,
2971,
2972,
2973,
2974,
2975,
2976,
2977,
2978,Chef Humanoïde du Désert
2979,Maître Bolet
2980,Tornade stasifiée
2981,Troolgrodyte
2982,Esprit Ancien Irrespectueux
2983,Esprit Ancestrale
2984,Sporulateur Noirespore
2985,Noirespore furtif
2986,Fecashu